INSERT INTO tbl_alumnos (id,nombre) VALUES
('101020','Ana García'),
('101021','Carlos Rodríguez'),
('101022','María Fernández'),
('101023','José López'),
('101024','Luis Martínez'),
('101025','Laura Gómez'),
('101026','Juan Pérez'),
('101027','Sofía Sánchez'),
('101028','Pedro Díaz'),
('101029','Marta Torres'),
('101030','Diego Hernández'),
('101031','Lucía Ramírez'),
('101032','Pablo Morales'),
('101033','Elena Ruiz'),
('101034','Andrés Jiménez'),
('101035','Natalia Castillo'),
('101036','Jorge Vega'),
('101037','Carmen Flores'),
('101038','Alberto Navarro'),
('101039','Daniela Ortiz;');


INSERT INTO tbl_cursos (id, nombre) VALUES
('mate_01', 'Matemáticas Básicas'),
('fisi_02', 'Física General'),
('prog_03', 'Programación I'),
('hist_04', 'Historia Universal'),
('quim_05', 'Química General'),
('algo_06', 'Algoritmos y Estructuras de Datos'),
('soci_07', 'Sociología'),
('econ_08', 'Economía'),
('lite_09', 'Literatura Clásica'),
('biol_10', 'Biología General');

INSERT INTO tbl_seccion (id, nombre) VALUES
('a01', 'A101'),
('a02', 'B102'),
('a03', 'C103'),
('a04', 'D104'),
('a05', 'E105'),
('a06', 'F106'),
('a07', 'G107'),
('a08', 'H108'),
('a09', 'I109'),
('a10', 'J110');

INSERT INTO tbl_evaluacion (id, nombre) VALUES
('20200033', 'Examen Parcial'),
('20200034', 'Trabajo Práctico 1'),
('20200035', 'Examen Final');


INSERT INTO tbl_matricula (alumno_id, curso_id, seccion_id) VALUES
('101020', 'mate_01', 'a01'),
('101020', 'prog_03', 'a02'),
('101020', 'quim_05', 'a03'),
('101021', 'fisi_02', 'a04'),
('101021', 'algo_06', 'a05'),
('101021', 'biol_10', 'a06'),
('101022', 'soci_07', 'a07'),
('101022', 'prog_03', 'a08'),
('101022', 'quim_05', 'a09'),
('101023', 'mate_01', 'a01'),
('101023', 'fisi_02', 'a02'),
('101023', 'lite_09', 'a03'),
('101024', 'biol_10', 'a04'),
('101024', 'econ_08', 'a05'),
('101024', 'algo_06', 'a06'),
('101025', 'prog_03', 'a07'),
('101025', 'hist_04', 'a08'),
('101025', 'soci_07', 'a09'),
('101026', 'quim_05', 'a01'),
('101026', 'mate_01', 'a02'),
('101026', 'algo_06', 'a03'),
('101027', 'fisi_02', 'a04'),
('101027', 'biol_10', 'a05'),
('101027', 'prog_03', 'a06'),
('101028', 'hist_04', 'a07'),
('101028', 'lite_09', 'a08'),
('101028', 'soci_07', 'a09'),
('101029', 'econ_08', 'a01'),
('101029', 'prog_03', 'a02'),
('101029', 'quim_05', 'a03');

INSERT INTO tbl_calificaciones (nota, matricula_id, evaluacion_id) VALUES
(15.5, '1', '20200033'),
(16.0, '1', '20200034'),
(14.5, '1', '20200035'),
(13.0, '2', '20200033'),
(12.5, '2', '20200034'),
(14.0, '2', '20200035'),
(17.0, '3', '20200033'),
(16.5, '3', '20200034'),
(18.0, '3', '20200035'),
(12.5, '4', '20200033'),
(14.0, '4', '20200034'),
(13.5, '4', '20200035'),
(15.0, '5', '20200033'),
(16.0, '5', '20200034'),
(14.5, '5', '20200035'),
(13.5, '6', '20200033'),
(14.0, '6', '20200034'),
(15.0, '6', '20200035'),
(16.5, '7', '20200033'),
(17.0, '7', '20200034'),
(16.0, '7', '20200035'),
(14.5, '8', '20200033'),
(15.0, '8', '20200034'),
(13.0, '8', '20200035'),
(17.5, '9', '20200033'),
(18.0, '9', '20200034'),
(16.5, '9', '20200035'),
(13.5, '10', '20200033'),
(14.0, '10', '20200034'),
(15.5, '10', '20200035');